{
  "eval_loss/code": [
    [
      0,
      14.271172904968262
    ],
    [
      125,
      0.3167359083890915
    ],
    [
      250,
      0.5439659297466278
    ],
    [
      375,
      0.833861517906189
    ],
    [
      500,
      0.7490175187587738
    ]
  ],
  "eval_loss/qa": [
    [
      0,
      13.739370727539063
    ],
    [
      125,
      0.37020918130874636
    ],
    [
      250,
      0.22309604287147522
    ],
    [
      375,
      0.5895058929920196
    ],
    [
      500,
      0.4020969748497009
    ]
  ],
  "eval_loss/summarize": [
    [
      0,
      11.75496826171875
    ],
    [
      125,
      1.1014990091323853
    ],
    [
      250,
      1.0874550580978393
    ],
    [
      375,
      1.3267172813415526
    ],
    [
      500,
      1.4210579633712768
    ]
  ],
  "eval_loss/translate": [
    [
      0,
      13.812529563903809
    ],
    [
      125,
      0.5528977751731873
    ],
    [
      250,
      0.44550347328186035
    ],
    [
      375,
      1.1159948110580444
    ],
    [
      500,
      0.24279508292675017
    ]
  ],
  "epsilon": [
    [
      0,
      0.09880920074587156
    ],
    [
      125,
      0.09880920074587156
    ],
    [
      250,
      0.09880920074587156
    ],
    [
      375,
      0.09880920074587156
    ],
    [
      500,
      0.09880920074587156
    ]
  ],
  "train_loss/code": [
    [
      25,
      0.708306144606322
    ],
    [
      50,
      0.03404289819300175
    ],
    [
      75,
      0.03008352334611118
    ],
    [
      100,
      0.027244737232103945
    ],
    [
      125,
      0.02601327285170555
    ]
  ],
  "train_loss/qa": [
    [
      150,
      0.08368158074095845
    ],
    [
      175,
      0.032850736062973736
    ],
    [
      200,
      0.026515819262713194
    ],
    [
      225,
      0.025114483553916215
    ],
    [
      250,
      0.025352573376148938
    ]
  ],
  "train_loss/summarize": [
    [
      275,
      0.21328762507997454
    ],
    [
      300,
      0.03283446948044002
    ],
    [
      325,
      0.020688220765441655
    ],
    [
      350,
      0.019366047503426673
    ],
    [
      375,
      0.018538761707022785
    ]
  ],
  "train_loss/translate": [
    [
      400,
      0.13781080754473807
    ],
    [
      425,
      0.032104362435638904
    ],
    [
      450,
      0.026040650438517332
    ],
    [
      475,
      0.024625088926404713
    ],
    [
      500,
      0.023907552529126404
    ]
  ]
}