{
  "0": {
    "0": 0.3167359083890915,
    "1": 0.37020918130874636,
    "2": 1.1014990091323853,
    "3": 0.5528977751731873
  },
  "1": {
    "0": 0.5439659297466278,
    "1": 0.22309604287147522,
    "2": 1.0874550580978393,
    "3": 0.44550347328186035
  },
  "2": {
    "0": 0.833861517906189,
    "1": 0.5895058929920196,
    "2": 1.3267172813415526,
    "3": 1.1159948110580444
  },
  "3": {
    "0": 0.7490175187587738,
    "1": 0.4020969748497009,
    "2": 1.4210579633712768,
    "3": 0.24279508292675017
  }
}